,datetime,expt_num,type,value
1287,2023-01-25 12:45:00,0,pred_leaf_count,115.0
651,2023-01-25 13:46:00,0,pred_leaf_count,127.0
666,2023-01-25 14:46:00,0,pred_leaf_count,123.0
762,2023-01-25 15:46:00,0,pred_leaf_count,116.0
804,2023-01-25 15:48:00,0,pred_leaf_count,125.0
174,2023-01-25 16:46:00,0,pred_leaf_count,127.0
180,2023-01-25 17:46:00,0,pred_leaf_count,130.0
1308,2023-01-25 18:46:00,0,pred_leaf_count,130.0
30,2023-01-25 19:46:00,0,pred_leaf_count,129.0
1242,2023-01-25 20:46:00,0,pred_leaf_count,128.0
321,2023-01-29 06:00:00,0,pred_leaf_count,129.0
849,2023-01-29 07:00:00,0,pred_leaf_count,131.0
6,2023-01-29 08:00:00,0,pred_leaf_count,132.0
1470,2023-01-29 09:00:00,0,pred_leaf_count,119.0
1521,2023-01-29 10:00:00,0,pred_leaf_count,126.0
939,2023-01-29 11:00:00,0,pred_leaf_count,129.0
510,2023-01-29 12:00:00,0,pred_leaf_count,117.0
1707,2023-01-29 13:00:00,0,pred_leaf_count,126.0
669,2023-01-29 14:00:00,0,pred_leaf_count,118.0
927,2023-01-29 15:00:00,0,pred_leaf_count,123.0
1095,2023-01-29 15:26:00,0,pred_leaf_count,128.0
552,2023-01-29 15:41:00,0,pred_leaf_count,134.0
1326,2023-01-29 16:41:00,0,pred_leaf_count,126.0
1218,2023-01-29 17:41:00,0,pred_leaf_count,122.0
942,2023-01-29 18:41:00,0,pred_leaf_count,118.0
480,2023-01-29 19:41:00,0,pred_leaf_count,124.0
45,2023-01-29 20:41:00,0,pred_leaf_count,124.0
660,2023-01-29 21:42:00,0,pred_leaf_count,122.0
645,2023-01-30 17:01:00,0,pred_leaf_count,119.0
1233,2023-01-30 18:01:00,0,pred_leaf_count,126.0
1416,2023-01-30 19:01:00,0,pred_leaf_count,118.0
1101,2023-01-30 20:01:00,0,pred_leaf_count,115.0
642,2023-01-30 21:01:00,0,pred_leaf_count,114.0
261,2023-01-31 06:00:00,0,pred_leaf_count,141.0
390,2023-01-31 07:00:00,0,pred_leaf_count,129.0
111,2023-01-31 08:00:00,0,pred_leaf_count,130.0
894,2023-01-31 09:00:00,0,pred_leaf_count,126.0
474,2023-01-31 10:00:00,0,pred_leaf_count,123.0
1509,2023-01-31 11:00:00,0,pred_leaf_count,125.0
819,2023-01-31 12:00:00,0,pred_leaf_count,125.0
387,2023-01-31 13:00:00,0,pred_leaf_count,115.0
297,2023-01-31 14:00:00,0,pred_leaf_count,114.0
780,2023-01-31 15:01:00,0,pred_leaf_count,118.0
105,2023-01-31 16:01:00,0,pred_leaf_count,127.0
795,2023-01-31 17:01:00,0,pred_leaf_count,116.0
270,2023-01-31 18:01:00,0,pred_leaf_count,125.0
1491,2023-01-31 19:01:00,0,pred_leaf_count,125.0
159,2023-01-31 20:01:00,0,pred_leaf_count,121.0
615,2023-01-31 21:01:00,0,pred_leaf_count,119.0
1734,2023-02-01 06:00:00,0,pred_leaf_count,128.0
1038,2023-02-01 07:00:00,0,pred_leaf_count,130.0
402,2023-02-01 08:00:00,0,pred_leaf_count,125.0
243,2023-02-01 09:00:00,0,pred_leaf_count,129.0
954,2023-02-01 10:00:00,0,pred_leaf_count,116.0
900,2023-02-01 11:00:00,0,pred_leaf_count,125.0
1380,2023-02-01 13:00:00,0,pred_leaf_count,122.0
924,2023-02-01 14:00:00,0,pred_leaf_count,132.0
627,2023-02-01 15:01:00,0,pred_leaf_count,126.0
1014,2023-02-01 16:01:00,0,pred_leaf_count,126.0
195,2023-02-01 17:01:00,0,pred_leaf_count,122.0
48,2023-02-01 18:01:00,0,pred_leaf_count,127.0
306,2023-02-01 19:01:00,0,pred_leaf_count,127.0
354,2023-02-01 20:01:00,0,pred_leaf_count,130.0
312,2023-02-01 21:01:00,0,pred_leaf_count,118.0
948,2023-02-02 06:00:00,0,pred_leaf_count,130.0
714,2023-02-02 07:00:00,0,pred_leaf_count,130.0
486,2023-02-02 08:00:00,0,pred_leaf_count,120.0
171,2023-02-02 09:00:00,0,pred_leaf_count,122.0
1683,2023-02-02 10:00:00,0,pred_leaf_count,123.0
975,2023-02-02 11:00:00,0,pred_leaf_count,115.0
1689,2023-02-02 11:13:00,0,pred_leaf_count,109.0
201,2023-02-02 16:50:00,0,pred_leaf_count,106.0
213,2023-02-02 17:17:00,0,pred_leaf_count,61.0
1353,2023-02-02 17:22:00,0,pred_leaf_count,127.0
438,2023-02-02 17:23:00,0,pred_leaf_count,132.0
1200,2023-02-02 17:25:00,0,pred_leaf_count,0.0
1425,2023-02-02 17:26:00,0,pred_leaf_count,0.0
369,2023-02-02 17:36:00,0,pred_leaf_count,134.0
90,2023-02-02 17:37:00,0,pred_leaf_count,128.0
75,2023-02-02 17:39:00,0,pred_leaf_count,128.0
1377,2023-02-02 18:40:00,0,pred_leaf_count,146.0
732,2023-02-02 19:40:00,0,pred_leaf_count,122.0
786,2023-02-02 20:40:00,0,pred_leaf_count,135.0
840,2023-02-02 21:40:00,0,pred_leaf_count,134.0
186,2023-02-03 06:00:00,0,pred_leaf_count,133.0
1113,2023-02-03 07:00:00,0,pred_leaf_count,145.0
564,2023-02-03 08:00:00,0,pred_leaf_count,140.0
531,2023-02-03 09:00:00,0,pred_leaf_count,155.0
591,2023-02-03 10:00:00,0,pred_leaf_count,152.0
117,2023-02-03 11:00:00,0,pred_leaf_count,159.0
1119,2023-02-03 12:00:00,0,pred_leaf_count,158.0
915,2023-02-03 13:00:00,0,pred_leaf_count,163.0
483,2023-02-03 14:00:00,0,pred_leaf_count,1.0
558,2023-02-03 15:01:00,0,pred_leaf_count,158.0
345,2023-02-03 16:01:00,0,pred_leaf_count,159.0
723,2023-02-03 17:01:00,0,pred_leaf_count,157.0
165,2023-02-03 18:01:00,0,pred_leaf_count,148.0
126,2023-02-03 19:01:00,0,pred_leaf_count,151.0
36,2023-02-03 20:01:00,0,pred_leaf_count,148.0
858,2023-02-03 21:01:00,0,pred_leaf_count,146.0
453,2023-02-04 06:00:00,0,pred_leaf_count,157.0
1275,2023-02-04 07:00:00,0,pred_leaf_count,147.0
1698,2023-02-04 08:00:00,0,pred_leaf_count,162.0
291,2023-02-04 09:00:00,0,pred_leaf_count,170.0
315,2023-02-04 10:00:00,0,pred_leaf_count,180.0
960,2023-02-04 11:00:00,0,pred_leaf_count,180.0
1059,2023-02-04 19:11:00,0,pred_leaf_count,159.0
801,2023-02-04 21:11:00,0,pred_leaf_count,161.0
156,2023-02-05 06:00:00,0,pred_leaf_count,0.0
1503,2023-02-05 07:00:00,0,pred_leaf_count,0.0
1230,2023-02-05 08:00:00,0,pred_leaf_count,0.0
969,2023-02-05 09:00:00,0,pred_leaf_count,1.0
690,2023-02-05 10:00:00,0,pred_leaf_count,0.0
534,2023-02-05 10:11:00,0,pred_leaf_count,0.0
177,2023-02-05 10:32:00,0,pred_leaf_count,153.0
255,2023-02-05 10:34:00,0,pred_leaf_count,140.0
987,2023-02-05 10:37:00,0,pred_leaf_count,146.0
1092,2023-02-05 11:00:00,0,pred_leaf_count,161.0
153,2023-02-05 12:00:00,0,pred_leaf_count,153.0
129,2023-02-05 13:00:00,0,pred_leaf_count,149.0
1602,2023-02-05 14:00:00,0,pred_leaf_count,159.0
717,2023-02-05 15:01:00,0,pred_leaf_count,168.0
1167,2023-02-05 15:44:00,0,pred_leaf_count,160.0
1395,2023-02-05 16:44:00,0,pred_leaf_count,156.0
489,2023-02-05 17:44:00,0,pred_leaf_count,159.0
183,2023-02-05 18:44:00,0,pred_leaf_count,151.0
672,2023-02-05 19:45:00,0,pred_leaf_count,158.0
1086,2023-02-05 20:45:00,0,pred_leaf_count,149.0
12,2023-02-05 21:45:00,0,pred_leaf_count,151.0
771,2023-02-06 06:00:00,0,pred_leaf_count,165.0
1626,2023-02-06 07:00:00,0,pred_leaf_count,164.0
678,2023-02-06 08:00:00,0,pred_leaf_count,177.0
705,2023-02-06 09:00:00,0,pred_leaf_count,166.0
1335,2023-02-06 10:00:00,0,pred_leaf_count,160.0
1578,2023-02-06 18:01:00,0,pred_leaf_count,159.0
765,2023-02-06 19:01:00,0,pred_leaf_count,158.0
132,2023-02-06 20:01:00,0,pred_leaf_count,151.0
618,2023-02-06 21:01:00,0,pred_leaf_count,156.0
9,2023-02-07 06:00:00,0,pred_leaf_count,154.0
519,2023-02-07 07:00:00,0,pred_leaf_count,156.0
375,2023-02-07 08:00:00,0,pred_leaf_count,162.0
477,2023-02-07 09:00:00,0,pred_leaf_count,179.0
1143,2023-02-07 10:00:00,0,pred_leaf_count,178.0
663,2023-02-07 11:00:00,0,pred_leaf_count,170.0
1245,2023-02-07 12:00:00,0,pred_leaf_count,165.0
294,2023-02-07 13:01:00,0,pred_leaf_count,169.0
1668,2023-02-07 14:01:00,0,pred_leaf_count,173.0
1695,2023-02-07 15:01:00,0,pred_leaf_count,170.0
990,2023-02-07 16:01:00,0,pred_leaf_count,163.0
696,2023-02-07 17:01:00,0,pred_leaf_count,158.0
828,2023-02-07 17:26:00,0,pred_leaf_count,117.0
1128,2023-02-08 06:00:00,0,pred_leaf_count,164.0
273,2023-02-08 07:00:00,0,pred_leaf_count,167.0
348,2023-02-08 08:00:00,0,pred_leaf_count,162.0
324,2023-02-08 09:00:00,0,pred_leaf_count,182.0
1317,2023-02-08 10:00:00,0,pred_leaf_count,182.0
1032,2023-02-08 11:00:00,0,pred_leaf_count,175.0
147,2023-02-08 12:01:00,0,pred_leaf_count,174.0
501,2023-02-08 13:01:00,0,pred_leaf_count,172.0
978,2023-02-08 14:01:00,0,pred_leaf_count,176.0
1614,2023-02-08 15:01:00,0,pred_leaf_count,162.0
1338,2023-02-08 16:01:00,0,pred_leaf_count,168.0
141,2023-02-08 17:01:00,0,pred_leaf_count,169.0
1254,2023-02-08 18:01:00,0,pred_leaf_count,146.0
1350,2023-02-08 19:01:00,0,pred_leaf_count,153.0
1413,2023-02-08 20:01:00,0,pred_leaf_count,155.0
231,2023-02-08 21:01:00,0,pred_leaf_count,159.0
228,2023-02-08 23:20:00,0,pred_leaf_count,167.0
15,2023-02-08 23:21:00,0,pred_leaf_count,167.0
435,2023-02-08 23:24:00,0,pred_leaf_count,161.0
1455,2023-02-08 23:42:00,0,pred_leaf_count,155.0
1170,2023-02-08 23:44:00,0,pred_leaf_count,159.0
891,2023-02-09 15:33:00,0,pred_leaf_count,143.0
1623,2023-02-09 15:38:00,0,pred_leaf_count,141.0
81,2023-02-09 16:38:00,0,pred_leaf_count,147.0
1590,2023-02-09 17:38:00,0,pred_leaf_count,137.0
792,2023-02-09 18:39:00,0,pred_leaf_count,130.0
579,2023-02-09 19:39:00,0,pred_leaf_count,135.0
222,2023-02-09 20:39:00,0,pred_leaf_count,143.0
1635,2023-02-09 21:39:00,0,pred_leaf_count,145.0
1536,2023-02-09 22:39:00,0,pred_leaf_count,145.0
1599,2023-02-09 23:39:00,0,pred_leaf_count,146.0
318,2023-02-10 19:54:00,0,pred_leaf_count,139.0
18,2023-02-10 20:54:00,0,pred_leaf_count,138.0
1542,2023-02-10 21:54:00,0,pred_leaf_count,137.0
492,2023-02-10 22:54:00,0,pred_leaf_count,131.0
930,2023-02-10 23:54:00,0,pred_leaf_count,147.0
1647,2023-02-11 15:52:00,0,pred_leaf_count,131.0
1692,2023-02-11 16:36:00,0,pred_leaf_count,142.0
1545,2023-02-11 17:37:00,0,pred_leaf_count,126.0
99,2023-02-11 18:37:00,0,pred_leaf_count,129.0
957,2023-02-11 19:37:00,0,pred_leaf_count,132.0
468,2023-02-11 20:37:00,0,pred_leaf_count,129.0
1098,2023-02-11 21:37:00,0,pred_leaf_count,127.0
1389,2023-02-12 19:27:00,0,pred_leaf_count,133.0
882,2023-02-12 19:41:00,0,pred_leaf_count,122.0
1386,2023-02-12 20:42:00,0,pred_leaf_count,115.0
738,2023-02-12 21:42:00,0,pred_leaf_count,125.0
1329,2023-02-13 06:00:00,0,pred_leaf_count,129.0
1464,2023-02-13 07:00:00,0,pred_leaf_count,135.0
456,2023-02-13 08:00:00,0,pred_leaf_count,137.0
1650,2023-02-13 09:00:00,0,pred_leaf_count,150.0
264,2023-02-13 09:33:00,0,pred_leaf_count,152.0
654,2023-02-13 10:33:00,0,pred_leaf_count,142.0
798,2023-02-13 11:33:00,0,pred_leaf_count,150.0
309,2023-02-13 12:33:00,0,pred_leaf_count,146.0
1419,2023-02-13 13:34:00,0,pred_leaf_count,153.0
135,2023-02-13 14:34:00,0,pred_leaf_count,150.0
96,2023-02-13 15:34:00,0,pred_leaf_count,144.0
1332,2023-02-13 16:34:00,0,pred_leaf_count,134.0
903,2023-02-13 17:34:00,0,pred_leaf_count,140.0
1134,2023-02-13 18:34:00,0,pred_leaf_count,137.0
237,2023-02-13 19:35:00,0,pred_leaf_count,139.0
1728,2023-02-13 20:35:00,0,pred_leaf_count,145.0
330,2023-02-13 21:35:00,0,pred_leaf_count,148.0
729,2023-02-14 06:00:00,0,pred_leaf_count,159.0
393,2023-02-14 07:00:00,0,pred_leaf_count,149.0
1065,2023-02-14 08:00:00,0,pred_leaf_count,140.0
693,2023-02-14 09:00:00,0,pred_leaf_count,163.0
495,2023-02-14 10:00:00,0,pred_leaf_count,170.0
1398,2023-02-14 11:00:00,0,pred_leaf_count,160.0
852,2023-02-14 12:00:00,0,pred_leaf_count,154.0
543,2023-02-14 13:00:00,0,pred_leaf_count,152.0
1356,2023-02-14 14:00:00,0,pred_leaf_count,158.0
327,2023-02-14 15:00:00,0,pred_leaf_count,156.0
570,2023-02-14 16:00:00,0,pred_leaf_count,158.0
51,2023-02-14 17:00:00,0,pred_leaf_count,167.0
1161,2023-02-14 18:01:00,0,pred_leaf_count,162.0
21,2023-02-14 19:01:00,0,pred_leaf_count,159.0
66,2023-02-14 20:01:00,0,pred_leaf_count,148.0
681,2023-02-14 21:01:00,0,pred_leaf_count,148.0
573,2023-02-15 06:00:00,0,pred_leaf_count,167.0
1209,2023-02-15 07:00:00,0,pred_leaf_count,167.0
831,2023-02-15 08:00:00,0,pred_leaf_count,169.0
1002,2023-02-15 09:00:00,0,pred_leaf_count,168.0
1593,2023-02-15 10:00:00,0,pred_leaf_count,158.0
1191,2023-02-15 11:00:00,0,pred_leaf_count,159.0
843,2023-02-15 12:01:00,0,pred_leaf_count,166.0
27,2023-02-15 13:01:00,0,pred_leaf_count,156.0
366,2023-02-15 14:01:00,0,pred_leaf_count,148.0
333,2023-02-15 15:01:00,0,pred_leaf_count,158.0
1665,2023-02-15 16:01:00,0,pred_leaf_count,166.0
768,2023-02-15 17:01:00,0,pred_leaf_count,154.0
810,2023-02-15 18:01:00,0,pred_leaf_count,157.0
864,2023-02-15 19:01:00,0,pred_leaf_count,155.0
120,2023-02-15 21:01:00,0,pred_leaf_count,154.0
912,2023-02-16 06:00:00,0,pred_leaf_count,156.0
630,2023-02-16 07:00:00,0,pred_leaf_count,169.0
822,2023-02-16 08:00:00,0,pred_leaf_count,168.0
447,2023-02-16 09:00:00,0,pred_leaf_count,163.0
423,2023-02-16 10:00:00,0,pred_leaf_count,165.0
252,2023-02-16 11:00:00,0,pred_leaf_count,164.0
1452,2023-02-16 12:00:00,0,pred_leaf_count,164.0
471,2023-02-16 13:00:00,0,pred_leaf_count,170.0
1617,2023-02-16 14:00:00,0,pred_leaf_count,155.0
1248,2023-02-16 15:00:00,0,pred_leaf_count,164.0
537,2023-02-16 16:01:00,0,pred_leaf_count,160.0
687,2023-02-16 17:01:00,0,pred_leaf_count,152.0
207,2023-02-16 18:01:00,0,pred_leaf_count,137.0
1674,2023-02-16 19:01:00,0,pred_leaf_count,143.0
1362,2023-02-16 20:01:00,0,pred_leaf_count,142.0
69,2023-02-16 21:01:00,0,pred_leaf_count,143.0
708,2023-02-17 06:00:00,0,pred_leaf_count,155.0
1227,2023-02-17 07:00:00,0,pred_leaf_count,176.0
513,2023-02-17 08:00:00,0,pred_leaf_count,156.0
906,2023-02-17 09:00:00,0,pred_leaf_count,171.0
1023,2023-02-17 10:00:00,0,pred_leaf_count,160.0
861,2023-02-17 11:00:00,0,pred_leaf_count,162.0
546,2023-02-17 12:00:00,0,pred_leaf_count,164.0
1563,2023-02-17 13:00:00,0,pred_leaf_count,166.0
1149,2023-02-17 14:00:00,0,pred_leaf_count,168.0
525,2023-02-17 15:00:00,0,pred_leaf_count,165.0
219,2023-02-17 16:01:00,0,pred_leaf_count,170.0
1557,2023-02-17 17:01:00,0,pred_leaf_count,174.0
249,2023-02-17 18:01:00,0,pred_leaf_count,167.0
1641,2023-02-17 19:01:00,0,pred_leaf_count,159.0
1194,2023-02-17 20:01:00,0,pred_leaf_count,173.0
576,2023-02-17 21:01:00,0,pred_leaf_count,163.0
1644,2023-02-18 06:00:00,0,pred_leaf_count,163.0
936,2023-02-18 07:00:00,0,pred_leaf_count,153.0
42,2023-02-18 08:00:00,0,pred_leaf_count,166.0
1182,2023-02-18 09:00:00,0,pred_leaf_count,170.0
189,2023-02-18 10:00:00,0,pred_leaf_count,182.0
603,2023-02-18 11:00:00,0,pred_leaf_count,191.0
1569,2023-02-18 12:00:00,0,pred_leaf_count,187.0
1539,2023-02-18 13:00:00,0,pred_leaf_count,183.0
1365,2023-02-18 14:01:00,0,pred_leaf_count,187.0
789,2023-02-18 15:01:00,0,pred_leaf_count,193.0
441,2023-02-18 16:01:00,0,pred_leaf_count,194.0
684,2023-02-18 17:01:00,0,pred_leaf_count,173.0
1704,2023-02-18 18:01:00,0,pred_leaf_count,172.0
39,2023-02-18 19:01:00,0,pred_leaf_count,165.0
1068,2023-02-18 20:01:00,0,pred_leaf_count,161.0
1638,2023-02-18 21:01:00,0,pred_leaf_count,158.0
759,2023-02-19 06:00:00,0,pred_leaf_count,162.0
462,2023-02-19 07:00:00,0,pred_leaf_count,169.0
1710,2023-02-19 08:00:00,0,pred_leaf_count,178.0
1269,2023-02-19 09:00:00,0,pred_leaf_count,182.0
1239,2023-02-19 10:00:00,0,pred_leaf_count,189.0
1044,2023-02-19 11:00:00,0,pred_leaf_count,198.0
606,2023-02-19 12:00:00,0,pred_leaf_count,198.0
432,2023-02-19 13:00:00,0,pred_leaf_count,185.0
1131,2023-02-19 14:00:00,0,pred_leaf_count,186.0
1029,2023-02-19 15:00:00,0,pred_leaf_count,195.0
1731,2023-02-19 16:00:00,0,pred_leaf_count,182.0
1272,2023-02-19 17:01:00,0,pred_leaf_count,180.0
1314,2023-02-19 18:01:00,0,pred_leaf_count,160.0
1530,2023-02-19 19:01:00,0,pred_leaf_count,163.0
528,2023-02-19 20:01:00,0,pred_leaf_count,169.0
624,2023-02-19 21:01:00,0,pred_leaf_count,175.0
357,2023-02-20 06:00:00,0,pred_leaf_count,173.0
1005,2023-02-20 07:00:00,0,pred_leaf_count,174.0
897,2023-02-20 08:00:00,0,pred_leaf_count,188.0
657,2023-02-20 10:00:00,0,pred_leaf_count,196.0
63,2023-02-20 11:00:00,0,pred_leaf_count,183.0
420,2023-02-20 12:00:00,0,pred_leaf_count,173.0
1401,2023-02-20 13:01:00,0,pred_leaf_count,178.0
1311,2023-02-20 14:01:00,0,pred_leaf_count,187.0
1518,2023-02-20 17:17:00,0,pred_leaf_count,174.0
1158,2023-02-20 18:18:00,0,pred_leaf_count,162.0
381,2023-02-20 19:18:00,0,pred_leaf_count,167.0
1527,2023-02-20 20:18:00,0,pred_leaf_count,162.0
336,2023-02-20 21:18:00,0,pred_leaf_count,156.0
1251,2023-02-21 06:00:00,0,pred_leaf_count,172.0
921,2023-02-21 07:00:00,0,pred_leaf_count,166.0
846,2023-02-21 08:00:00,0,pred_leaf_count,171.0
1080,2023-02-21 10:00:00,0,pred_leaf_count,189.0
1296,2023-02-21 11:00:00,0,pred_leaf_count,207.0
1146,2023-02-21 12:00:00,0,pred_leaf_count,191.0
33,2023-02-21 13:01:00,0,pred_leaf_count,178.0
216,2023-02-21 14:01:00,0,pred_leaf_count,171.0
1278,2023-02-21 15:01:00,0,pred_leaf_count,179.0
1368,2023-02-21 16:01:00,0,pred_leaf_count,172.0
1620,2023-02-21 17:01:00,0,pred_leaf_count,165.0
1062,2023-02-21 18:01:00,0,pred_leaf_count,167.0
1179,2023-02-21 19:01:00,0,pred_leaf_count,168.0
1431,2023-02-21 20:01:00,0,pred_leaf_count,161.0
1371,2023-02-21 21:01:00,0,pred_leaf_count,167.0
414,2023-02-22 06:00:00,0,pred_leaf_count,168.0
300,2023-02-22 07:00:00,0,pred_leaf_count,170.0
909,2023-02-22 08:00:00,0,pred_leaf_count,169.0
777,2023-02-22 09:00:00,0,pred_leaf_count,177.0
1284,2023-02-22 10:00:00,0,pred_leaf_count,187.0
1581,2023-02-22 11:00:00,0,pred_leaf_count,187.0
918,2023-02-22 11:51:00,0,pred_leaf_count,0.0
1476,2023-02-22 11:54:00,0,pred_leaf_count,152.0
267,2023-02-22 12:00:00,0,pred_leaf_count,158.0
1347,2023-02-22 13:00:00,0,pred_leaf_count,175.0
417,2023-02-22 14:01:00,0,pred_leaf_count,164.0
1050,2023-02-22 15:01:00,0,pred_leaf_count,169.0
1374,2023-02-22 16:01:00,0,pred_leaf_count,160.0
993,2023-02-22 17:01:00,0,pred_leaf_count,168.0
1572,2023-02-22 18:01:00,0,pred_leaf_count,159.0
837,2023-02-22 19:01:00,0,pred_leaf_count,171.0
72,2023-02-22 20:01:00,0,pred_leaf_count,156.0
540,2023-02-22 21:01:00,0,pred_leaf_count,173.0
720,2023-02-23 06:00:00,0,pred_leaf_count,164.0
1686,2023-02-23 18:01:00,0,pred_leaf_count,158.0
498,2023-02-23 19:01:00,0,pred_leaf_count,146.0
144,2023-02-23 20:01:00,0,pred_leaf_count,154.0
996,2023-02-23 21:01:00,0,pred_leaf_count,151.0
1056,2023-02-24 06:00:00,0,pred_leaf_count,157.0
885,2023-02-24 07:00:00,0,pred_leaf_count,147.0
1512,2023-02-24 08:00:00,0,pred_leaf_count,153.0
807,2023-02-24 09:00:00,0,pred_leaf_count,171.0
612,2023-02-24 10:00:00,0,pred_leaf_count,164.0
1533,2023-02-24 18:01:00,0,pred_leaf_count,147.0
1206,2023-02-24 19:01:00,0,pred_leaf_count,148.0
1554,2023-02-24 20:01:00,0,pred_leaf_count,155.0
870,2023-02-24 21:01:00,0,pred_leaf_count,155.0
1719,2023-02-25 06:00:00,0,pred_leaf_count,156.0
1203,2023-02-25 07:00:00,0,pred_leaf_count,157.0
945,2023-02-25 09:00:00,0,pred_leaf_count,165.0
516,2023-02-25 09:43:00,0,pred_leaf_count,163.0
600,2023-02-25 10:00:00,0,pred_leaf_count,175.0
1212,2023-02-25 11:00:00,0,pred_leaf_count,173.0
198,2023-02-25 12:00:00,0,pred_leaf_count,148.0
258,2023-02-25 13:00:00,0,pred_leaf_count,148.0
234,2023-02-25 20:01:00,0,pred_leaf_count,151.0
1164,2023-02-25 21:01:00,0,pred_leaf_count,148.0
1071,2023-02-26 06:00:00,0,pred_leaf_count,144.0
549,2023-02-26 07:00:00,0,pred_leaf_count,143.0
588,2023-02-26 08:00:00,0,pred_leaf_count,147.0
951,2023-02-26 09:00:00,0,pred_leaf_count,182.0
162,2023-02-26 18:01:00,0,pred_leaf_count,142.0
372,2023-02-26 19:01:00,0,pred_leaf_count,131.0
753,2023-02-26 20:01:00,0,pred_leaf_count,134.0
1515,2023-02-26 21:01:00,0,pred_leaf_count,136.0
54,2023-02-27 06:00:00,0,pred_leaf_count,163.0
1302,2023-02-27 07:00:00,0,pred_leaf_count,156.0
138,2023-02-27 08:00:00,0,pred_leaf_count,154.0
1047,2023-02-27 09:00:00,0,pred_leaf_count,168.0
750,2023-02-27 10:00:00,0,pred_leaf_count,188.0
741,2023-02-27 11:00:00,0,pred_leaf_count,161.0
1584,2023-02-27 12:00:00,0,pred_leaf_count,162.0
342,2023-02-27 13:01:00,0,pred_leaf_count,154.0
1680,2023-02-27 14:01:00,0,pred_leaf_count,144.0
1359,2023-02-27 15:01:00,0,pred_leaf_count,145.0
1107,2023-02-27 16:01:00,0,pred_leaf_count,154.0
984,2023-02-27 17:01:00,0,pred_leaf_count,150.0
1035,2023-02-27 18:01:00,0,pred_leaf_count,151.0
702,2023-02-27 19:01:00,0,pred_leaf_count,141.0
747,2023-02-27 20:01:00,0,pred_leaf_count,139.0
1437,2023-02-27 21:01:00,0,pred_leaf_count,149.0
639,2023-02-28 06:00:00,0,pred_leaf_count,145.0
813,2023-02-28 07:00:00,0,pred_leaf_count,152.0
876,2023-02-28 08:00:00,0,pred_leaf_count,158.0
1083,2023-02-28 09:00:00,0,pred_leaf_count,161.0
711,2023-02-28 10:00:00,0,pred_leaf_count,169.0
1383,2023-02-28 11:00:00,0,pred_leaf_count,180.0
609,2023-02-28 12:00:00,0,pred_leaf_count,171.0
1257,2023-02-28 13:00:00,0,pred_leaf_count,164.0
1473,2023-02-28 14:00:00,0,pred_leaf_count,172.0
1221,2023-02-28 15:00:00,0,pred_leaf_count,172.0
405,2023-02-28 16:01:00,0,pred_leaf_count,165.0
1467,2023-02-28 17:01:00,0,pred_leaf_count,157.0
399,2023-02-28 18:01:00,0,pred_leaf_count,148.0
1440,2023-02-28 19:01:00,0,pred_leaf_count,149.0
726,2023-02-28 20:01:00,0,pred_leaf_count,141.0
1008,2023-02-28 21:01:00,0,pred_leaf_count,130.0
597,2023-03-01 06:00:00,0,pred_leaf_count,160.0
459,2023-03-01 07:00:00,0,pred_leaf_count,158.0
102,2023-03-01 08:00:00,0,pred_leaf_count,153.0
1215,2023-03-01 09:00:00,0,pred_leaf_count,166.0
504,2023-03-01 09:57:00,0,pred_leaf_count,145.0
879,2023-03-01 10:00:00,0,pred_leaf_count,154.0
636,2023-03-01 12:00:00,0,pred_leaf_count,159.0
1155,2023-03-01 13:01:00,0,pred_leaf_count,157.0
1485,2023-03-01 14:01:00,0,pred_leaf_count,153.0
429,2023-03-01 15:01:00,0,pred_leaf_count,160.0
225,2023-03-01 16:01:00,0,pred_leaf_count,148.0
1341,2023-03-01 17:01:00,0,pred_leaf_count,158.0
204,2023-03-01 18:01:00,0,pred_leaf_count,161.0
1548,2023-03-01 19:01:00,0,pred_leaf_count,158.0
1140,2023-03-01 20:01:00,0,pred_leaf_count,157.0
1458,2023-03-01 21:01:00,0,pred_leaf_count,145.0
594,2023-03-02 06:00:00,0,pred_leaf_count,161.0
1197,2023-03-02 07:00:00,0,pred_leaf_count,138.0
279,2023-03-02 08:00:00,0,pred_leaf_count,142.0
963,2023-03-02 09:00:00,0,pred_leaf_count,157.0
1446,2023-03-02 10:00:00,0,pred_leaf_count,166.0
339,2023-03-02 11:00:00,0,pred_leaf_count,154.0
3,2023-03-02 12:01:00,0,pred_leaf_count,153.0
1089,2023-03-02 12:10:00,0,pred_leaf_count,125.0
378,2023-03-02 13:01:00,0,pred_leaf_count,239.0
1299,2023-03-02 14:01:00,0,pred_leaf_count,247.0
1716,2023-03-02 15:01:00,0,pred_leaf_count,242.0
825,2023-03-02 16:01:00,0,pred_leaf_count,239.0
276,2023-03-02 17:01:00,0,pred_leaf_count,217.0
1188,2023-03-02 18:01:00,0,pred_leaf_count,209.0
93,2023-03-02 19:01:00,0,pred_leaf_count,206.0
1053,2023-03-02 20:01:00,0,pred_leaf_count,191.0
1587,2023-03-02 21:01:00,0,pred_leaf_count,204.0
1662,2023-03-03 06:00:00,0,pred_leaf_count,214.0
675,2023-03-03 07:01:00,0,pred_leaf_count,224.0
1596,2023-03-03 08:01:00,0,pred_leaf_count,230.0
411,2023-03-03 09:01:00,0,pred_leaf_count,261.0
1494,2023-03-03 10:01:00,0,pred_leaf_count,250.0
1725,2023-03-03 11:01:00,0,pred_leaf_count,253.0
288,2023-03-03 12:01:00,0,pred_leaf_count,244.0
972,2023-03-03 13:01:00,0,pred_leaf_count,245.0
1011,2023-03-03 14:01:00,0,pred_leaf_count,246.0
522,2023-03-03 15:01:00,0,pred_leaf_count,251.0
1116,2023-03-03 16:01:00,0,pred_leaf_count,222.0
1176,2023-03-03 17:01:00,0,pred_leaf_count,214.0
1629,2023-03-03 18:01:00,0,pred_leaf_count,218.0
1305,2023-03-03 19:01:00,0,pred_leaf_count,211.0
555,2023-03-03 20:01:00,0,pred_leaf_count,215.0
582,2023-03-03 21:01:00,0,pred_leaf_count,210.0
1479,2023-03-04 06:01:00,0,pred_leaf_count,217.0
192,2023-03-04 07:01:00,0,pred_leaf_count,245.0
1293,2023-03-04 08:01:00,0,pred_leaf_count,257.0
1020,2023-03-04 09:01:00,0,pred_leaf_count,238.0
816,2023-03-04 10:01:00,0,pred_leaf_count,278.0
450,2023-03-04 11:01:00,0,pred_leaf_count,272.0
1392,2023-03-04 12:01:00,0,pred_leaf_count,260.0
1722,2023-03-04 13:01:00,0,pred_leaf_count,262.0
1524,2023-03-04 14:01:00,0,pred_leaf_count,249.0
1713,2023-03-04 15:01:00,0,pred_leaf_count,263.0
426,2023-03-04 16:01:00,0,pred_leaf_count,260.0
1677,2023-03-04 17:01:00,0,pred_leaf_count,258.0
1482,2023-03-04 18:01:00,0,pred_leaf_count,248.0
1137,2023-03-04 19:01:00,0,pred_leaf_count,232.0
1410,2023-03-04 20:01:00,0,pred_leaf_count,248.0
507,2023-03-04 21:01:00,0,pred_leaf_count,233.0
567,2023-03-05 06:00:00,0,pred_leaf_count,242.0
1428,2023-03-05 07:01:00,0,pred_leaf_count,272.0
873,2023-03-05 08:01:00,0,pred_leaf_count,271.0
444,2023-03-05 09:01:00,0,pred_leaf_count,281.0
1632,2023-03-05 10:01:00,0,pred_leaf_count,287.0
1026,2023-03-05 11:01:00,0,pred_leaf_count,293.0
1266,2023-03-05 12:01:00,0,pred_leaf_count,291.0
1152,2023-03-05 13:01:00,0,pred_leaf_count,274.0
783,2023-03-05 14:01:00,0,pred_leaf_count,286.0
855,2023-03-05 15:01:00,0,pred_leaf_count,273.0
57,2023-03-05 16:01:00,0,pred_leaf_count,275.0
360,2023-03-05 17:01:00,0,pred_leaf_count,255.0
561,2023-03-05 18:01:00,0,pred_leaf_count,244.0
1173,2023-03-05 19:01:00,0,pred_leaf_count,238.0
78,2023-03-05 20:01:00,0,pred_leaf_count,240.0
1224,2023-03-05 21:01:00,0,pred_leaf_count,238.0
1671,2023-03-06 06:00:00,0,pred_leaf_count,241.0
150,2023-03-06 07:01:00,0,pred_leaf_count,263.0
1611,2023-03-06 08:01:00,0,pred_leaf_count,271.0
363,2023-03-06 09:01:00,0,pred_leaf_count,292.0
123,2023-03-06 10:01:00,0,pred_leaf_count,299.0
1320,2023-03-06 11:01:00,0,pred_leaf_count,302.0
1605,2023-03-06 12:01:00,0,pred_leaf_count,273.0
1404,2023-03-06 13:01:00,0,pred_leaf_count,289.0
84,2023-03-06 14:01:00,0,pred_leaf_count,275.0
1488,2023-03-06 15:01:00,0,pred_leaf_count,271.0
1566,2023-03-06 16:01:00,0,pred_leaf_count,261.0
465,2023-03-06 17:01:00,0,pred_leaf_count,267.0
867,2023-03-06 18:01:00,0,pred_leaf_count,259.0
1104,2023-03-06 19:01:00,0,pred_leaf_count,245.0
888,2023-03-06 20:01:00,0,pred_leaf_count,237.0
114,2023-03-06 21:01:00,0,pred_leaf_count,234.0
933,2023-03-07 06:01:00,0,pred_leaf_count,241.0
60,2023-03-07 07:01:00,0,pred_leaf_count,267.0
1434,2023-03-07 08:01:00,0,pred_leaf_count,284.0
1506,2023-03-07 09:01:00,0,pred_leaf_count,298.0
1701,2023-03-07 10:01:00,0,pred_leaf_count,293.0
87,2023-03-07 11:01:00,0,pred_leaf_count,304.0
1110,2023-03-07 12:01:00,0,pred_leaf_count,284.0
0,2023-03-07 13:01:00,0,pred_leaf_count,284.0
1290,2023-03-07 14:01:00,0,pred_leaf_count,289.0
981,2023-03-07 15:01:00,0,pred_leaf_count,286.0
240,2023-03-07 15:29:00,0,pred_leaf_count,285.0
1236,2023-03-07 16:30:00,0,pred_leaf_count,267.0
966,2023-03-07 17:30:00,0,pred_leaf_count,260.0
1263,2023-03-07 18:30:00,0,pred_leaf_count,253.0
408,2023-03-07 19:30:00,0,pred_leaf_count,250.0
1461,2023-03-07 20:30:00,0,pred_leaf_count,243.0
1344,2023-03-07 21:30:00,0,pred_leaf_count,229.0
1407,2023-03-08 06:01:00,0,pred_leaf_count,251.0
1608,2023-03-08 07:01:00,0,pred_leaf_count,253.0
1551,2023-03-08 08:01:00,0,pred_leaf_count,280.0
285,2023-03-08 09:01:00,0,pred_leaf_count,284.0
1323,2023-03-08 10:01:00,0,pred_leaf_count,275.0
585,2023-03-08 11:01:00,0,pred_leaf_count,265.0
621,2023-03-08 12:01:00,0,pred_leaf_count,265.0
1500,2023-03-08 13:01:00,0,pred_leaf_count,257.0
1449,2023-03-08 14:01:00,0,pred_leaf_count,255.0
834,2023-03-08 15:01:00,0,pred_leaf_count,256.0
1497,2023-03-08 16:01:00,0,pred_leaf_count,246.0
108,2023-03-08 17:01:00,0,pred_leaf_count,244.0
24,2023-03-08 18:01:00,0,pred_leaf_count,229.0
1017,2023-03-08 19:01:00,0,pred_leaf_count,233.0
648,2023-03-08 20:01:00,0,pred_leaf_count,239.0
756,2023-03-08 21:01:00,0,pred_leaf_count,230.0
735,2023-03-09 06:00:00,0,pred_leaf_count,242.0
744,2023-03-09 07:00:00,0,pred_leaf_count,261.0
1560,2023-03-09 08:00:00,0,pred_leaf_count,249.0
1041,2023-03-09 09:00:00,0,pred_leaf_count,262.0
246,2023-03-09 10:00:00,0,pred_leaf_count,260.0
1185,2023-03-09 11:00:00,0,pred_leaf_count,246.0
633,2023-03-09 12:00:00,0,pred_leaf_count,262.0
1443,2023-03-09 13:00:00,0,pred_leaf_count,254.0
384,2023-03-09 14:00:00,0,pred_leaf_count,249.0
774,2023-03-13 11:00:00,0,pred_leaf_count,202.0
1422,2023-03-13 12:00:00,0,pred_leaf_count,223.0
396,2023-03-13 14:00:00,0,pred_leaf_count,202.0
1659,2023-03-13 15:00:00,0,pred_leaf_count,226.0
168,2023-03-13 21:38:00,0,pred_leaf_count,218.0
1074,2023-03-14 06:00:00,0,pred_leaf_count,237.0
282,2023-03-14 07:00:00,0,pred_leaf_count,238.0
699,2023-03-14 08:00:00,0,pred_leaf_count,246.0
1125,2023-03-14 09:00:00,0,pred_leaf_count,253.0
1281,2023-03-14 13:00:00,0,pred_leaf_count,264.0
999,2023-03-14 14:00:00,0,pred_leaf_count,255.0
351,2023-03-14 14:04:00,0,pred_leaf_count,261.0
1656,2023-03-14 14:29:00,0,pred_leaf_count,275.0
1077,2023-03-14 14:31:00,0,pred_leaf_count,260.0
1653,2023-03-14 14:50:00,0,pred_leaf_count,280.0
1575,2023-03-14 15:51:00,0,pred_leaf_count,256.0
210,2023-03-14 16:17:00,0,pred_leaf_count,265.0
303,2023-03-14 17:18:00,0,pred_leaf_count,250.0
1122,2023-03-14 18:18:00,0,pred_leaf_count,247.0
1260,2023-03-14 19:18:00,0,pred_leaf_count,240.0
1737,2023-03-15 06:00:00,0,pred_leaf_count,262.0
1821,2023-03-15 07:00:00,0,pred_leaf_count,267.0
1818,2023-03-15 08:00:00,0,pred_leaf_count,265.0
1797,2023-03-15 09:00:00,0,pred_leaf_count,290.0
1827,2023-03-15 10:00:00,0,pred_leaf_count,274.0
1815,2023-03-15 11:00:00,0,pred_leaf_count,277.0
1803,2023-03-15 12:00:00,0,pred_leaf_count,286.0
1830,2023-03-15 13:00:00,0,pred_leaf_count,270.0
1833,2023-03-15 14:00:00,0,pred_leaf_count,275.0
1800,2023-03-15 15:00:00,0,pred_leaf_count,259.0
1806,2023-03-15 16:00:00,0,pred_leaf_count,262.0
1824,2023-03-15 17:01:00,0,pred_leaf_count,267.0
1836,2023-03-15 18:01:00,0,pred_leaf_count,248.0
1812,2023-03-15 19:01:00,0,pred_leaf_count,256.0
1809,2023-03-15 20:01:00,0,pred_leaf_count,245.0
1794,2023-03-15 21:01:00,0,pred_leaf_count,247.0
1791,2023-03-16 19:00:00,0,pred_leaf_count,255.0
1788,2023-03-16 20:00:00,0,pred_leaf_count,252.0
1785,2023-03-16 21:01:00,0,pred_leaf_count,256.0
1749,2023-03-17 06:00:00,0,pred_leaf_count,267.0
1758,2023-03-17 07:00:00,0,pred_leaf_count,278.0
1761,2023-03-17 08:00:00,0,pred_leaf_count,266.0
1746,2023-03-17 09:00:00,0,pred_leaf_count,274.0
1743,2023-03-17 10:00:00,0,pred_leaf_count,266.0
1764,2023-03-17 11:00:00,0,pred_leaf_count,270.0
1740,2023-03-17 12:00:00,0,pred_leaf_count,271.0
1776,2023-03-17 13:00:00,0,pred_leaf_count,256.0
1782,2023-03-17 14:00:00,0,pred_leaf_count,273.0
1773,2023-03-17 15:00:00,0,pred_leaf_count,270.0
1767,2023-03-17 16:00:00,0,pred_leaf_count,274.0
1752,2023-03-17 17:00:00,0,pred_leaf_count,264.0
1755,2023-03-17 18:00:00,0,pred_leaf_count,265.0
1770,2023-03-17 19:00:00,0,pred_leaf_count,262.0
1779,2023-03-17 20:01:00,0,pred_leaf_count,258.0
1935,2023-03-17 21:01:00,0,pred_leaf_count,388.0
1872,2023-03-18 06:00:00,0,pred_leaf_count,424.0
1920,2023-03-18 07:00:00,0,pred_leaf_count,389.0
1896,2023-03-18 08:00:00,0,pred_leaf_count,388.0
1887,2023-03-18 09:00:00,0,pred_leaf_count,424.0
1911,2023-03-18 10:00:00,0,pred_leaf_count,413.0
1839,2023-03-18 10:34:00,0,pred_leaf_count,403.0
1905,2023-03-18 11:35:00,0,pred_leaf_count,400.0
1917,2023-03-18 12:35:00,0,pred_leaf_count,393.0
1884,2023-03-18 13:35:00,0,pred_leaf_count,393.0
1878,2023-03-18 14:35:00,0,pred_leaf_count,383.0
1848,2023-03-18 15:35:00,0,pred_leaf_count,401.0
1842,2023-03-18 16:35:00,0,pred_leaf_count,391.0
1881,2023-03-18 17:17:00,0,pred_leaf_count,384.0
1860,2023-03-18 18:18:00,0,pred_leaf_count,364.0
1890,2023-03-18 19:18:00,0,pred_leaf_count,377.0
1938,2023-03-18 20:18:00,0,pred_leaf_count,389.0
1893,2023-03-18 21:18:00,0,pred_leaf_count,387.0
1926,2023-03-19 06:00:00,0,pred_leaf_count,409.0
1845,2023-03-19 07:00:00,0,pred_leaf_count,373.0
1914,2023-03-19 08:00:00,0,pred_leaf_count,377.0
1932,2023-03-19 09:00:00,0,pred_leaf_count,400.0
1854,2023-03-19 09:52:00,0,pred_leaf_count,396.0
1869,2023-03-19 10:53:00,0,pred_leaf_count,386.0
1929,2023-03-19 11:53:00,0,pred_leaf_count,381.0
1908,2023-03-19 12:53:00,0,pred_leaf_count,351.0
1923,2023-03-19 13:53:00,0,pred_leaf_count,365.0
1863,2023-03-19 14:53:00,0,pred_leaf_count,372.0
1902,2023-03-19 15:53:00,0,pred_leaf_count,367.0
1851,2023-03-19 16:53:00,0,pred_leaf_count,369.0
1875,2023-03-19 17:53:00,0,pred_leaf_count,364.0
1941,2023-03-19 18:53:00,0,pred_leaf_count,366.0
1899,2023-03-19 19:54:00,0,pred_leaf_count,373.0
1866,2023-03-19 20:54:00,0,pred_leaf_count,376.0
1857,2023-03-19 21:54:00,0,pred_leaf_count,383.0
2321,2023-03-20 06:00:00,0,pred_leaf_count,413.0
2383,2023-03-20 07:00:00,0,pred_leaf_count,377.0
2445,2023-03-20 08:00:00,0,pred_leaf_count,372.0
2506,2023-03-20 09:00:00,0,pred_leaf_count,391.0
2665,2023-03-21 06:00:00,0,pred_leaf_count,419.0
2662,2023-03-21 08:00:00,0,pred_leaf_count,387.0
2731,2023-03-21 10:00:00,0,pred_leaf_count,392.0
2752,2023-03-21 11:00:00,0,pred_leaf_count,412.0
2728,2023-03-21 12:00:00,0,pred_leaf_count,396.0
2722,2023-03-21 13:00:00,0,pred_leaf_count,380.0
2734,2023-03-21 14:00:00,0,pred_leaf_count,380.0
2725,2023-03-21 15:00:00,0,pred_leaf_count,392.0
2719,2023-03-21 16:01:00,0,pred_leaf_count,374.0
2737,2023-03-21 17:01:00,0,pred_leaf_count,379.0
2743,2023-03-21 18:01:00,0,pred_leaf_count,371.0
2716,2023-03-21 19:01:00,0,pred_leaf_count,374.0
2758,2023-03-21 20:01:00,0,pred_leaf_count,4.0
2746,2023-03-21 21:01:00,0,pred_leaf_count,391.0
2740,2023-03-22 06:00:00,0,pred_leaf_count,420.0
2749,2023-03-22 07:00:00,0,pred_leaf_count,370.0
2755,2023-03-22 08:00:00,0,pred_leaf_count,387.0
2836,2023-03-22 10:00:00,0,pred_leaf_count,412.0
2830,2023-03-22 11:00:00,0,pred_leaf_count,417.0
2821,2023-03-22 12:00:00,0,pred_leaf_count,406.0
2842,2023-03-22 13:00:00,0,pred_leaf_count,397.0
2827,2023-03-22 14:00:00,0,pred_leaf_count,388.0
2854,2023-03-22 15:00:00,0,pred_leaf_count,380.0
2824,2023-03-22 16:00:00,0,pred_leaf_count,385.0
2833,2023-03-22 17:01:00,0,pred_leaf_count,376.0
2818,2023-03-22 18:01:00,0,pred_leaf_count,386.0
2809,2023-03-22 19:01:00,0,pred_leaf_count,376.0
2848,2023-03-22 20:01:00,0,pred_leaf_count,370.0
2845,2023-03-22 21:01:00,0,pred_leaf_count,383.0
2839,2023-03-23 06:00:00,0,pred_leaf_count,403.0
2815,2023-03-23 07:00:00,0,pred_leaf_count,374.0
2812,2023-03-23 08:00:00,0,pred_leaf_count,387.0
2851,2023-03-23 09:00:00,0,pred_leaf_count,415.0
2935,2023-03-23 10:00:00,0,pred_leaf_count,412.0
2908,2023-03-23 11:00:00,0,pred_leaf_count,390.0
2923,2023-03-23 12:00:00,0,pred_leaf_count,399.0
2938,2023-03-23 13:00:00,0,pred_leaf_count,396.0
2947,2023-03-23 14:00:00,0,pred_leaf_count,380.0
2929,2023-03-23 15:00:00,0,pred_leaf_count,386.0
2905,2023-03-23 16:00:00,0,pred_leaf_count,375.0
2914,2023-03-23 17:00:00,0,pred_leaf_count,362.0
2911,2023-03-23 18:01:00,0,pred_leaf_count,358.0
2941,2023-03-23 19:01:00,0,pred_leaf_count,375.0
2932,2023-03-23 20:01:00,0,pred_leaf_count,386.0
2926,2023-03-23 21:01:00,0,pred_leaf_count,387.0
2917,2023-03-24 06:00:00,0,pred_leaf_count,420.0
2944,2023-03-24 07:00:00,0,pred_leaf_count,385.0
2920,2023-03-24 08:00:00,0,pred_leaf_count,396.0
3037,2023-03-24 10:00:00,0,pred_leaf_count,397.0
3028,2023-03-24 11:00:00,0,pred_leaf_count,407.0
3013,2023-03-24 12:00:00,0,pred_leaf_count,407.0
3019,2023-03-24 13:00:00,0,pred_leaf_count,406.0
3040,2023-03-24 14:01:00,0,pred_leaf_count,397.0
3004,2023-03-24 15:01:00,0,pred_leaf_count,402.0
2998,2023-03-24 16:01:00,0,pred_leaf_count,396.0
3031,2023-03-24 17:01:00,0,pred_leaf_count,402.0
3025,2023-03-24 18:01:00,0,pred_leaf_count,382.0
3001,2023-03-24 19:01:00,0,pred_leaf_count,402.0
3016,2023-03-24 20:01:00,0,pred_leaf_count,393.0
3022,2023-03-24 21:01:00,0,pred_leaf_count,393.0
3010,2023-03-25 06:00:00,0,pred_leaf_count,405.0
3007,2023-03-25 07:00:00,0,pred_leaf_count,373.0
3034,2023-03-25 08:00:00,0,pred_leaf_count,385.0
3130,2023-03-25 10:00:00,0,pred_leaf_count,415.0
3127,2023-03-25 11:00:00,0,pred_leaf_count,387.0
3121,2023-03-25 12:00:00,0,pred_leaf_count,389.0
3133,2023-03-25 13:00:00,0,pred_leaf_count,384.0
3118,2023-03-25 14:00:00,0,pred_leaf_count,386.0
3097,2023-03-25 15:00:00,0,pred_leaf_count,367.0
3094,2023-03-25 16:01:00,0,pred_leaf_count,369.0
3100,2023-03-25 17:01:00,0,pred_leaf_count,357.0
3109,2023-03-25 18:01:00,0,pred_leaf_count,357.0
3115,2023-03-25 19:01:00,0,pred_leaf_count,373.0
3124,2023-03-25 20:01:00,0,pred_leaf_count,370.0
3091,2023-03-25 21:01:00,0,pred_leaf_count,370.0
3103,2023-03-26 06:00:00,0,pred_leaf_count,391.0
3112,2023-03-26 07:00:00,0,pred_leaf_count,386.0
3106,2023-03-26 08:00:00,0,pred_leaf_count,386.0
3205,2023-03-26 10:00:00,0,pred_leaf_count,391.0
3199,2023-03-26 11:00:00,0,pred_leaf_count,406.0
3217,2023-03-26 12:00:00,0,pred_leaf_count,395.0
3184,2023-03-26 13:00:00,0,pred_leaf_count,367.0
3226,2023-03-26 14:00:00,0,pred_leaf_count,374.0
3196,2023-03-26 15:01:00,0,pred_leaf_count,371.0
3211,2023-03-26 16:01:00,0,pred_leaf_count,361.0
3187,2023-03-26 17:01:00,0,pred_leaf_count,353.0
3202,2023-03-26 18:01:00,0,pred_leaf_count,348.0
3220,2023-03-26 19:01:00,0,pred_leaf_count,360.0
3193,2023-03-26 20:01:00,0,pred_leaf_count,355.0
3208,2023-03-26 21:01:00,0,pred_leaf_count,354.0
3214,2023-03-27 06:00:00,0,pred_leaf_count,393.0
3223,2023-03-27 07:00:00,0,pred_leaf_count,368.0
3190,2023-03-27 08:00:00,0,pred_leaf_count,351.0
3289,2023-03-27 20:01:00,0,pred_leaf_count,361.0
3280,2023-03-27 21:01:00,0,pred_leaf_count,354.0
3286,2023-03-28 06:00:00,0,pred_leaf_count,397.0
3277,2023-03-28 07:00:00,0,pred_leaf_count,369.0
3283,2023-03-28 08:00:00,0,pred_leaf_count,378.0
3352,2023-03-28 10:00:00,0,pred_leaf_count,375.0
3343,2023-03-28 11:00:00,0,pred_leaf_count,388.0
3346,2023-03-28 12:00:00,0,pred_leaf_count,336.0
3355,2023-03-28 13:00:00,0,pred_leaf_count,346.0
3340,2023-03-28 14:00:00,0,pred_leaf_count,353.0
3358,2023-03-28 15:00:00,0,pred_leaf_count,357.0
3373,2023-03-28 16:00:00,0,pred_leaf_count,331.0
3367,2023-03-28 17:00:00,0,pred_leaf_count,333.0
3361,2023-03-28 18:01:00,0,pred_leaf_count,349.0
3364,2023-03-28 19:01:00,0,pred_leaf_count,357.0
3370,2023-03-28 20:01:00,0,pred_leaf_count,348.0
3376,2023-03-28 21:01:00,0,pred_leaf_count,357.0
3379,2023-03-29 06:00:00,0,pred_leaf_count,372.0
3382,2023-03-29 07:00:00,0,pred_leaf_count,359.0
3349,2023-03-29 08:00:00,0,pred_leaf_count,377.0
3433,2023-03-29 10:00:00,0,pred_leaf_count,362.0
3475,2023-03-29 11:00:00,0,pred_leaf_count,341.0
3445,2023-03-29 12:00:00,0,pred_leaf_count,361.0
3442,2023-03-29 13:00:00,0,pred_leaf_count,340.0
3463,2023-03-29 14:00:00,0,pred_leaf_count,334.0
3469,2023-03-29 15:00:00,0,pred_leaf_count,351.0
3466,2023-03-29 16:00:00,0,pred_leaf_count,334.0
3472,2023-03-29 17:00:00,0,pred_leaf_count,334.0
3457,2023-03-29 18:01:00,0,pred_leaf_count,336.0
3451,2023-03-29 19:01:00,0,pred_leaf_count,339.0
3439,2023-03-29 20:01:00,0,pred_leaf_count,335.0
3436,2023-03-29 21:01:00,0,pred_leaf_count,334.0
3460,2023-03-30 06:00:00,0,pred_leaf_count,360.0
3448,2023-03-30 07:00:00,0,pred_leaf_count,356.0
3454,2023-03-30 08:00:00,0,pred_leaf_count,365.0
3529,2023-03-30 10:00:00,0,pred_leaf_count,376.0
3556,2023-03-30 11:00:00,0,pred_leaf_count,356.0
3562,2023-03-30 12:00:00,0,pred_leaf_count,342.0
3553,2023-03-30 13:00:00,0,pred_leaf_count,359.0
3526,2023-03-30 14:00:00,0,pred_leaf_count,365.0
3565,2023-03-30 15:00:00,0,pred_leaf_count,357.0
3544,2023-03-30 16:01:00,0,pred_leaf_count,345.0
3538,2023-03-30 17:01:00,0,pred_leaf_count,330.0
3568,2023-03-30 18:01:00,0,pred_leaf_count,331.0
3541,2023-03-30 19:01:00,0,pred_leaf_count,343.0
3535,2023-03-30 20:01:00,0,pred_leaf_count,340.0
3547,2023-03-30 21:01:00,0,pred_leaf_count,325.0
3559,2023-03-31 06:00:00,0,pred_leaf_count,369.0
3532,2023-03-31 07:00:00,0,pred_leaf_count,360.0
3550,2023-03-31 08:00:00,0,pred_leaf_count,363.0
3655,2023-03-31 10:00:00,0,pred_leaf_count,340.0
3643,2023-03-31 11:00:00,0,pred_leaf_count,341.0
3646,2023-03-31 12:00:00,0,pred_leaf_count,353.0
3619,2023-03-31 13:00:00,0,pred_leaf_count,356.0
3625,2023-03-31 14:00:00,0,pred_leaf_count,347.0
3631,2023-03-31 15:00:00,0,pred_leaf_count,331.0
3652,2023-03-31 16:00:00,0,pred_leaf_count,345.0
3634,2023-03-31 17:00:00,0,pred_leaf_count,321.0
3649,2023-03-31 18:01:00,0,pred_leaf_count,347.0
3640,2023-03-31 19:01:00,0,pred_leaf_count,347.0
3622,2023-03-31 21:01:00,0,pred_leaf_count,343.0
3637,2023-04-01 06:00:00,0,pred_leaf_count,374.0
3658,2023-04-01 07:00:00,0,pred_leaf_count,355.0
3628,2023-04-01 08:00:00,0,pred_leaf_count,348.0
3724,2023-04-01 10:00:00,0,pred_leaf_count,367.0
3748,2023-04-01 11:00:00,0,pred_leaf_count,364.0
3736,2023-04-01 12:00:00,0,pred_leaf_count,365.0
3739,2023-04-01 13:00:00,0,pred_leaf_count,336.0
3742,2023-04-01 14:00:00,0,pred_leaf_count,357.0
3709,2023-04-01 15:00:00,0,pred_leaf_count,346.0
3721,2023-04-01 16:00:00,0,pred_leaf_count,338.0
3733,2023-04-01 17:00:00,0,pred_leaf_count,337.0
3727,2023-04-01 18:00:00,0,pred_leaf_count,332.0
3712,2023-04-01 19:01:00,0,pred_leaf_count,338.0
3745,2023-04-01 20:01:00,0,pred_leaf_count,341.0
3715,2023-04-02 06:00:00,0,pred_leaf_count,359.0
3718,2023-04-02 07:00:00,0,pred_leaf_count,365.0
3730,2023-04-02 08:00:00,0,pred_leaf_count,349.0
3829,2023-04-02 10:00:00,0,pred_leaf_count,374.0
3814,2023-04-02 11:00:00,0,pred_leaf_count,353.0
3841,2023-04-02 12:00:00,0,pred_leaf_count,334.0
3811,2023-04-02 13:00:00,0,pred_leaf_count,338.0
3823,2023-04-02 14:00:00,0,pred_leaf_count,350.0
3826,2023-04-02 15:00:00,0,pred_leaf_count,333.0
3805,2023-04-02 16:00:00,0,pred_leaf_count,342.0
3802,2023-04-02 17:00:00,0,pred_leaf_count,320.0
3808,2023-04-02 18:00:00,0,pred_leaf_count,339.0
3844,2023-04-02 19:01:00,0,pred_leaf_count,340.0
3799,2023-04-02 20:01:00,0,pred_leaf_count,343.0
3817,2023-04-02 21:01:00,0,pred_leaf_count,340.0
3832,2023-04-03 06:00:00,0,pred_leaf_count,359.0
3835,2023-04-03 07:00:00,0,pred_leaf_count,359.0
3820,2023-04-03 08:00:00,0,pred_leaf_count,360.0
3838,2023-04-03 09:00:00,0,pred_leaf_count,346.0
3931,2023-04-03 09:19:00,0,pred_leaf_count,387.0
3946,2023-04-03 09:58:00,0,pred_leaf_count,402.0
3928,2023-04-03 10:09:00,0,pred_leaf_count,401.0
3949,2023-04-03 10:24:00,0,pred_leaf_count,395.0
3934,2023-04-03 11:25:00,0,pred_leaf_count,368.0
3898,2023-04-03 12:25:00,0,pred_leaf_count,385.0
3910,2023-04-03 13:25:00,0,pred_leaf_count,367.0
3913,2023-04-03 14:25:00,0,pred_leaf_count,377.0
3940,2023-04-03 15:25:00,0,pred_leaf_count,374.0
3922,2023-04-03 16:10:00,0,pred_leaf_count,380.0
3919,2023-04-03 17:11:00,0,pred_leaf_count,347.0
3907,2023-04-03 18:11:00,0,pred_leaf_count,361.0
3904,2023-04-03 19:11:00,0,pred_leaf_count,365.0
3943,2023-04-03 20:11:00,0,pred_leaf_count,368.0
3895,2023-04-03 21:11:00,0,pred_leaf_count,359.0
3925,2023-04-04 06:00:00,0,pred_leaf_count,393.0
3901,2023-04-04 07:00:00,0,pred_leaf_count,385.0
3916,2023-04-04 08:00:00,0,pred_leaf_count,374.0
3937,2023-04-04 09:00:00,0,pred_leaf_count,400.0
4015,2023-04-04 10:00:00,0,pred_leaf_count,408.0
4036,2023-04-04 11:00:00,0,pred_leaf_count,392.0
4027,2023-04-04 12:00:00,0,pred_leaf_count,388.0
4018,2023-04-04 13:00:00,0,pred_leaf_count,384.0
4012,2023-04-04 14:00:00,0,pred_leaf_count,384.0
4030,2023-04-04 15:00:00,0,pred_leaf_count,372.0
4006,2023-04-04 16:00:00,0,pred_leaf_count,355.0
4033,2023-04-04 17:01:00,0,pred_leaf_count,354.0
4003,2023-04-04 18:01:00,0,pred_leaf_count,354.0
4039,2023-04-04 19:01:00,0,pred_leaf_count,346.0
4024,2023-04-04 20:01:00,0,pred_leaf_count,341.0
4009,2023-04-04 21:01:00,0,pred_leaf_count,348.0
4000,2023-04-05 06:00:00,0,pred_leaf_count,377.0
4021,2023-04-05 07:00:00,0,pred_leaf_count,376.0
4111,2023-04-05 17:00:00,0,pred_leaf_count,344.0
4096,2023-04-05 18:00:00,0,pred_leaf_count,341.0
4090,2023-04-05 19:01:00,0,pred_leaf_count,348.0
4099,2023-04-05 20:01:00,0,pred_leaf_count,336.0
4102,2023-04-05 21:01:00,0,pred_leaf_count,349.0
4093,2023-04-06 06:00:00,0,pred_leaf_count,361.0
4105,2023-04-06 07:00:00,0,pred_leaf_count,360.0
4108,2023-04-06 08:00:00,0,pred_leaf_count,366.0
4201,2023-04-06 10:00:00,0,pred_leaf_count,392.0
4192,2023-04-06 11:00:00,0,pred_leaf_count,384.0
4180,2023-04-06 13:00:00,0,pred_leaf_count,368.0
4204,2023-04-06 14:00:00,0,pred_leaf_count,354.0
4186,2023-04-06 15:00:00,0,pred_leaf_count,366.0
4177,2023-04-06 16:00:00,0,pred_leaf_count,358.0
4162,2023-04-06 17:00:00,0,pred_leaf_count,344.0
4183,2023-04-06 18:00:00,0,pred_leaf_count,332.0
4195,2023-04-06 19:01:00,0,pred_leaf_count,358.0
4198,2023-04-06 20:01:00,0,pred_leaf_count,350.0
4168,2023-04-06 21:01:00,0,pred_leaf_count,340.0
4189,2023-04-07 06:00:00,0,pred_leaf_count,370.0
4165,2023-04-07 07:00:00,0,pred_leaf_count,370.0
4171,2023-04-07 08:00:00,0,pred_leaf_count,347.0
4174,2023-04-07 09:00:00,0,pred_leaf_count,358.0
4258,2023-04-07 10:00:00,0,pred_leaf_count,354.0
4285,2023-04-07 11:00:00,0,pred_leaf_count,333.0
4291,2023-04-07 12:00:00,0,pred_leaf_count,352.0
4294,2023-04-07 14:00:00,0,pred_leaf_count,347.0
4264,2023-04-07 15:00:00,0,pred_leaf_count,361.0
4279,2023-04-07 16:00:00,0,pred_leaf_count,338.0
4276,2023-04-07 17:00:00,0,pred_leaf_count,340.0
4270,2023-04-07 18:01:00,0,pred_leaf_count,356.0
4273,2023-04-07 19:01:00,0,pred_leaf_count,365.0
4288,2023-04-07 20:01:00,0,pred_leaf_count,379.0
4267,2023-04-07 21:01:00,0,pred_leaf_count,355.0
4282,2023-04-08 06:00:00,0,pred_leaf_count,383.0
4261,2023-04-08 07:00:00,0,pred_leaf_count,371.0
4255,2023-04-08 08:00:00,0,pred_leaf_count,366.0
4369,2023-04-08 10:00:00,0,pred_leaf_count,339.0
4378,2023-04-08 11:00:00,0,pred_leaf_count,347.0
4372,2023-04-08 12:00:00,0,pred_leaf_count,358.0
4348,2023-04-08 13:00:00,0,pred_leaf_count,357.0
4351,2023-04-08 14:00:00,0,pred_leaf_count,361.0
4357,2023-04-08 15:00:00,0,pred_leaf_count,357.0
4366,2023-04-08 16:00:00,0,pred_leaf_count,349.0
4384,2023-04-08 17:00:00,0,pred_leaf_count,324.0
4387,2023-04-08 18:01:00,0,pred_leaf_count,334.0
4375,2023-04-08 19:01:00,0,pred_leaf_count,354.0
4345,2023-04-08 20:01:00,0,pred_leaf_count,343.0
4354,2023-04-08 21:01:00,0,pred_leaf_count,352.0
4360,2023-04-09 06:00:00,0,pred_leaf_count,381.0
4363,2023-04-09 07:00:00,0,pred_leaf_count,363.0
4381,2023-04-09 08:00:00,0,pred_leaf_count,350.0
4450,2023-04-09 10:00:00,0,pred_leaf_count,357.0
4441,2023-04-09 11:00:00,0,pred_leaf_count,357.0
4477,2023-04-09 12:00:00,0,pred_leaf_count,347.0
4447,2023-04-09 13:00:00,0,pred_leaf_count,340.0
4444,2023-04-09 14:00:00,0,pred_leaf_count,338.0
4471,2023-04-09 15:00:00,0,pred_leaf_count,352.0
4459,2023-04-09 16:00:00,0,pred_leaf_count,340.0
4468,2023-04-09 17:00:00,0,pred_leaf_count,325.0
4438,2023-04-09 18:00:00,0,pred_leaf_count,328.0
4474,2023-04-09 19:00:00,0,pred_leaf_count,338.0
4465,2023-04-09 20:01:00,0,pred_leaf_count,342.0
4453,2023-04-09 21:01:00,0,pred_leaf_count,335.0
4456,2023-04-10 06:00:00,0,pred_leaf_count,363.0
4462,2023-04-10 07:00:00,0,pred_leaf_count,341.0
4480,2023-04-10 08:00:00,0,pred_leaf_count,342.0
4561,2023-04-10 10:00:00,0,pred_leaf_count,339.0
4570,2023-04-10 11:00:00,0,pred_leaf_count,333.0
4558,2023-04-10 12:00:00,0,pred_leaf_count,352.0
4534,2023-04-10 14:00:00,0,pred_leaf_count,344.0
4555,2023-04-10 15:01:00,0,pred_leaf_count,351.0
4567,2023-04-10 16:01:00,0,pred_leaf_count,333.0
4549,2023-04-10 17:01:00,0,pred_leaf_count,336.0
4543,2023-04-10 18:01:00,0,pred_leaf_count,344.0
4564,2023-04-10 19:01:00,0,pred_leaf_count,337.0
4540,2023-04-10 20:01:00,0,pred_leaf_count,341.0
4546,2023-04-10 21:01:00,0,pred_leaf_count,350.0
4552,2023-04-11 06:00:00,0,pred_leaf_count,357.0
4531,2023-04-11 07:00:00,0,pred_leaf_count,367.0
4537,2023-04-11 08:00:00,0,pred_leaf_count,360.0
4673,2023-04-12 10:47:00,0,pred_leaf_count,432.0
4685,2023-04-12 12:48:00,0,pred_leaf_count,366.0
4676,2023-04-12 13:48:00,0,pred_leaf_count,347.0
4697,2023-04-12 14:48:00,0,pred_leaf_count,354.0
4670,2023-04-12 15:48:00,0,pred_leaf_count,343.0
4691,2023-04-12 19:49:00,0,pred_leaf_count,338.0
4688,2023-04-12 20:49:00,0,pred_leaf_count,334.0
4667,2023-04-12 21:49:00,0,pred_leaf_count,349.0
4682,2023-04-13 06:00:00,0,pred_leaf_count,394.0
4694,2023-04-13 07:00:00,0,pred_leaf_count,355.0
4679,2023-04-13 08:00:00,0,pred_leaf_count,354.0
4763,2023-04-13 11:00:00,0,pred_leaf_count,344.0
4775,2023-04-13 14:00:00,0,pred_leaf_count,335.0
4748,2023-04-13 15:00:00,0,pred_leaf_count,345.0
4766,2023-04-13 16:00:00,0,pred_leaf_count,359.0
4751,2023-04-13 17:00:00,0,pred_leaf_count,343.0
4754,2023-04-13 18:00:00,0,pred_leaf_count,338.0
4772,2023-04-13 21:01:00,0,pred_leaf_count,348.0
4757,2023-04-14 06:00:00,0,pred_leaf_count,373.0
4760,2023-04-14 07:00:00,0,pred_leaf_count,351.0
4778,2023-04-14 08:00:00,0,pred_leaf_count,345.0
4769,2023-04-14 09:00:00,0,pred_leaf_count,364.0
4829,2023-04-14 10:00:00,0,pred_leaf_count,363.0
4841,2023-04-14 11:00:00,0,pred_leaf_count,372.0
4844,2023-04-14 12:00:00,0,pred_leaf_count,372.0
4832,2023-04-14 13:00:00,0,pred_leaf_count,360.0
4853,2023-04-14 14:00:00,0,pred_leaf_count,356.0
4859,2023-04-14 15:00:00,0,pred_leaf_count,342.0
4850,2023-04-14 16:01:00,0,pred_leaf_count,341.0
4838,2023-04-14 17:01:00,0,pred_leaf_count,333.0
4847,2023-04-14 18:01:00,0,pred_leaf_count,348.0
4856,2023-04-15 07:00:00,0,pred_leaf_count,352.0
4835,2023-04-15 08:00:00,0,pred_leaf_count,350.0
4910,2023-04-15 10:00:00,0,pred_leaf_count,351.0
4913,2023-04-15 11:00:00,0,pred_leaf_count,344.0
4934,2023-04-15 13:00:00,0,pred_leaf_count,348.0
4931,2023-04-15 15:01:00,0,pred_leaf_count,339.0
4928,2023-04-15 16:01:00,0,pred_leaf_count,359.0
4922,2023-04-15 17:01:00,0,pred_leaf_count,344.0
4925,2023-04-16 06:00:00,0,pred_leaf_count,382.0
4916,2023-04-16 07:00:00,0,pred_leaf_count,356.0
4919,2023-04-16 08:00:00,0,pred_leaf_count,349.0
4997,2023-04-16 10:00:00,0,pred_leaf_count,355.0
4988,2023-04-16 14:00:00,0,pred_leaf_count,358.0
4985,2023-04-16 16:00:00,0,pred_leaf_count,351.0
5003,2023-04-16 18:01:00,0,pred_leaf_count,343.0
4991,2023-04-16 20:01:00,0,pred_leaf_count,342.0
4994,2023-04-17 06:00:00,0,pred_leaf_count,392.0
5000,2023-04-17 07:00:00,0,pred_leaf_count,358.0
5006,2023-04-17 08:00:00,0,pred_leaf_count,368.0
5063,2023-04-17 10:00:00,0,pred_leaf_count,366.0
5084,2023-04-17 11:00:00,0,pred_leaf_count,369.0
5060,2023-04-17 12:00:00,0,pred_leaf_count,357.0
5087,2023-04-17 13:00:00,0,pred_leaf_count,351.0
5096,2023-04-17 14:00:00,0,pred_leaf_count,360.0
5072,2023-04-17 15:00:00,0,pred_leaf_count,335.0
5093,2023-04-17 16:00:00,0,pred_leaf_count,336.0
5069,2023-04-17 17:00:00,0,pred_leaf_count,333.0
5099,2023-04-17 18:01:00,0,pred_leaf_count,336.0
5057,2023-04-17 19:01:00,0,pred_leaf_count,331.0
5066,2023-04-17 20:01:00,0,pred_leaf_count,329.0
5081,2023-04-17 21:01:00,0,pred_leaf_count,340.0
5075,2023-04-18 06:00:00,0,pred_leaf_count,356.0
5090,2023-04-18 07:00:00,0,pred_leaf_count,364.0
5078,2023-04-18 08:00:00,0,pred_leaf_count,377.0
5165,2023-04-18 10:00:00,0,pred_leaf_count,380.0
5162,2023-04-18 11:00:00,0,pred_leaf_count,359.0
5168,2023-04-18 12:00:00,0,pred_leaf_count,360.0
5180,2023-04-18 13:00:00,0,pred_leaf_count,340.0
5177,2023-04-18 14:00:00,0,pred_leaf_count,344.0
5153,2023-04-18 15:00:00,0,pred_leaf_count,330.0
5150,2023-04-18 16:00:00,0,pred_leaf_count,323.0
5156,2023-04-18 17:01:00,0,pred_leaf_count,324.0
5159,2023-04-18 18:01:00,0,pred_leaf_count,339.0
5186,2023-04-18 19:01:00,0,pred_leaf_count,342.0
5174,2023-04-18 20:01:00,0,pred_leaf_count,347.0
5171,2023-04-19 06:00:00,0,pred_leaf_count,388.0
5189,2023-04-19 07:00:00,0,pred_leaf_count,351.0
5183,2023-04-19 08:00:00,0,pred_leaf_count,375.0
5267,2023-04-19 10:00:00,0,pred_leaf_count,359.0
5246,2023-04-19 11:00:00,0,pred_leaf_count,350.0
5249,2023-04-19 12:00:00,0,pred_leaf_count,348.0
5270,2023-04-19 13:00:00,0,pred_leaf_count,355.0
5252,2023-04-19 14:00:00,0,pred_leaf_count,353.0
5276,2023-04-19 15:00:00,0,pred_leaf_count,334.0
5261,2023-04-19 16:00:00,0,pred_leaf_count,346.0
5282,2023-04-19 17:00:00,0,pred_leaf_count,332.0
5258,2023-04-19 18:01:00,0,pred_leaf_count,320.0
5255,2023-04-19 19:01:00,0,pred_leaf_count,327.0
5264,2023-04-19 20:01:00,0,pred_leaf_count,341.0
5243,2023-04-19 20:50:00,0,pred_leaf_count,338.0
5285,2023-04-19 21:01:00,0,pred_leaf_count,357.0
5279,2023-04-20 06:00:00,0,pred_leaf_count,354.0
5240,2023-04-20 07:00:00,0,pred_leaf_count,336.0
5273,2023-04-20 08:00:00,0,pred_leaf_count,358.0
5375,2023-04-20 10:00:00,0,pred_leaf_count,332.0
5348,2023-04-20 11:00:00,0,pred_leaf_count,334.0
5357,2023-04-20 12:00:00,0,pred_leaf_count,330.0
5372,2023-04-20 13:00:00,0,pred_leaf_count,322.0
5339,2023-04-20 14:00:00,0,pred_leaf_count,328.0
5369,2023-04-20 17:01:00,0,pred_leaf_count,329.0
5354,2023-04-20 18:01:00,0,pred_leaf_count,322.0
5342,2023-04-20 19:01:00,0,pred_leaf_count,327.0
5351,2023-04-20 20:01:00,0,pred_leaf_count,332.0
5336,2023-04-20 20:18:00,0,pred_leaf_count,312.0
5363,2023-04-20 21:01:00,0,pred_leaf_count,300.0
5345,2023-04-21 06:00:00,0,pred_leaf_count,323.0
5366,2023-04-21 07:00:00,0,pred_leaf_count,332.0
5360,2023-04-21 08:00:00,0,pred_leaf_count,353.0
5438,2023-04-21 10:00:00,0,pred_leaf_count,363.0
5450,2023-04-21 13:00:00,0,pred_leaf_count,349.0
5435,2023-04-21 16:00:00,0,pred_leaf_count,331.0
5447,2023-04-21 17:00:00,0,pred_leaf_count,339.0
5429,2023-04-21 18:00:00,0,pred_leaf_count,320.0
5453,2023-04-21 19:01:00,0,pred_leaf_count,322.0
5444,2023-04-21 20:01:00,0,pred_leaf_count,323.0
5426,2023-04-21 21:01:00,0,pred_leaf_count,318.0
5456,2023-04-22 06:00:00,0,pred_leaf_count,337.0
5432,2023-04-22 07:00:00,0,pred_leaf_count,358.0
5441,2023-04-22 08:00:00,0,pred_leaf_count,358.0
5507,2023-04-22 09:24:00,0,pred_leaf_count,210.0
6732,2023-06-18 14:56:00,0,pred_leaf_count,197.0
6708,2023-06-18 16:34:00,0,pred_leaf_count,234.0
6783,2023-06-18 16:36:00,0,pred_leaf_count,201.0
6747,2023-06-18 16:42:00,0,pred_leaf_count,202.0
6699,2023-06-18 17:42:00,0,pred_leaf_count,205.0
6705,2023-06-18 18:42:00,0,pred_leaf_count,200.0
6717,2023-06-18 19:42:00,0,pred_leaf_count,200.0
6726,2023-06-18 20:42:00,0,pred_leaf_count,204.0
6756,2023-06-18 21:42:00,0,pred_leaf_count,200.0
6714,2023-06-19 06:00:00,0,pred_leaf_count,0.0
6804,2023-06-19 07:00:00,0,pred_leaf_count,120.0
6687,2023-06-19 08:00:00,0,pred_leaf_count,193.0
6768,2023-06-19 09:00:00,0,pred_leaf_count,186.0
6702,2023-06-19 10:00:00,0,pred_leaf_count,196.0
6744,2023-06-19 11:00:00,0,pred_leaf_count,207.0
6735,2023-06-19 12:00:00,0,pred_leaf_count,208.0
6738,2023-06-19 13:00:00,0,pred_leaf_count,183.0
6777,2023-06-19 14:00:00,0,pred_leaf_count,204.0
6711,2023-06-19 15:00:00,0,pred_leaf_count,195.0
6693,2023-06-19 16:00:00,0,pred_leaf_count,197.0
6690,2023-06-19 17:00:00,0,pred_leaf_count,189.0
6696,2023-06-19 18:00:00,0,pred_leaf_count,194.0
6795,2023-06-19 19:00:00,0,pred_leaf_count,205.0
6786,2023-06-19 20:00:00,0,pred_leaf_count,210.0
6771,2023-06-19 21:00:00,0,pred_leaf_count,196.0
6759,2023-06-20 06:00:00,0,pred_leaf_count,0.0
6753,2023-06-20 07:00:00,0,pred_leaf_count,114.0
6720,2023-06-20 08:00:00,0,pred_leaf_count,201.0
6780,2023-06-20 09:00:00,0,pred_leaf_count,193.0
6789,2023-06-20 10:00:00,0,pred_leaf_count,201.0
6792,2023-06-20 11:00:00,0,pred_leaf_count,197.0
6774,2023-06-20 12:00:00,0,pred_leaf_count,206.0
6798,2023-06-20 14:00:00,0,pred_leaf_count,191.0
6723,2023-06-20 15:00:00,0,pred_leaf_count,194.0
6729,2023-06-20 16:00:00,0,pred_leaf_count,201.0
6801,2023-06-20 17:00:00,0,pred_leaf_count,196.0
6750,2023-06-20 18:00:00,0,pred_leaf_count,191.0
6762,2023-06-20 19:00:00,0,pred_leaf_count,194.0
6765,2023-06-20 20:00:00,0,pred_leaf_count,185.0
6741,2023-06-20 21:00:00,0,pred_leaf_count,187.0
6669,2023-06-21 06:00:00,0,pred_leaf_count,0.0
6642,2023-06-21 07:00:00,0,pred_leaf_count,114.0
6675,2023-06-21 08:00:00,0,pred_leaf_count,184.0
6654,2023-06-21 09:00:00,0,pred_leaf_count,190.0
6672,2023-06-21 10:00:00,0,pred_leaf_count,201.0
6678,2023-06-21 10:32:00,0,pred_leaf_count,202.0
6684,2023-06-21 11:32:00,0,pred_leaf_count,193.0
6666,2023-06-21 12:32:00,0,pred_leaf_count,195.0
6660,2023-06-21 13:32:00,0,pred_leaf_count,189.0
6657,2023-06-21 14:32:00,0,pred_leaf_count,188.0
6645,2023-06-21 15:33:00,0,pred_leaf_count,192.0
6648,2023-06-21 16:33:00,0,pred_leaf_count,196.0
6663,2023-06-21 17:33:00,0,pred_leaf_count,181.0
6639,2023-06-21 18:33:00,0,pred_leaf_count,191.0
6651,2023-06-21 19:33:00,0,pred_leaf_count,191.0
6681,2023-06-21 20:33:00,0,pred_leaf_count,192.0
6828,2023-06-21 21:33:00,0,pred_leaf_count,181.0
6846,2023-06-22 06:00:00,0,pred_leaf_count,0.0
6831,2023-06-22 07:00:00,0,pred_leaf_count,117.0
6816,2023-06-22 08:00:00,0,pred_leaf_count,198.0
6813,2023-06-22 09:00:00,0,pred_leaf_count,206.0
6855,2023-06-22 10:00:00,0,pred_leaf_count,205.0
6852,2023-06-22 11:00:00,0,pred_leaf_count,197.0
6837,2023-06-22 12:00:00,0,pred_leaf_count,201.0
6849,2023-06-22 13:00:00,0,pred_leaf_count,203.0
6810,2023-06-22 14:00:00,0,pred_leaf_count,180.0
6840,2023-06-22 15:00:00,0,pred_leaf_count,201.0
6834,2023-06-22 16:00:00,0,pred_leaf_count,195.0
6825,2023-06-22 17:00:00,0,pred_leaf_count,200.0
6843,2023-06-22 18:00:00,0,pred_leaf_count,194.0
6807,2023-06-22 19:00:00,0,pred_leaf_count,183.0
6819,2023-06-22 20:00:00,0,pred_leaf_count,191.0
6822,2023-06-22 21:00:00,0,pred_leaf_count,186.0
6882,2023-06-23 06:00:00,0,pred_leaf_count,0.0
6891,2023-06-23 07:00:00,0,pred_leaf_count,126.0
6879,2023-06-23 08:00:00,0,pred_leaf_count,199.0
6861,2023-06-23 09:00:00,0,pred_leaf_count,217.0
6870,2023-06-23 10:00:00,0,pred_leaf_count,206.0
6864,2023-06-23 12:00:00,0,pred_leaf_count,195.0
6885,2023-06-23 13:00:00,0,pred_leaf_count,198.0
6894,2023-06-23 14:00:00,0,pred_leaf_count,193.0
6897,2023-06-23 15:00:00,0,pred_leaf_count,201.0
6876,2023-06-23 16:00:00,0,pred_leaf_count,196.0
6867,2023-06-23 17:00:00,0,pred_leaf_count,198.0
6858,2023-06-23 18:00:00,0,pred_leaf_count,201.0
6873,2023-06-23 19:00:00,0,pred_leaf_count,209.0
6888,2023-06-23 20:00:00,0,pred_leaf_count,200.0
6900,2023-06-23 21:00:00,0,pred_leaf_count,196.0
6983,2023-06-24 06:00:00,0,pred_leaf_count,0.0
6959,2023-06-24 07:00:00,0,pred_leaf_count,217.0
6998,2023-06-24 08:00:00,0,pred_leaf_count,219.0
6968,2023-06-24 08:13:00,0,pred_leaf_count,231.0
6947,2023-06-24 08:23:00,0,pred_leaf_count,217.0
6977,2023-06-24 08:25:00,0,pred_leaf_count,217.0
6986,2023-06-24 08:26:00,0,pred_leaf_count,211.0
6980,2023-06-24 09:23:00,0,pred_leaf_count,204.0
6956,2023-06-24 10:23:00,0,pred_leaf_count,205.0
6962,2023-06-24 11:23:00,0,pred_leaf_count,204.0
6974,2023-06-24 12:23:00,0,pred_leaf_count,211.0
6965,2023-06-24 13:23:00,0,pred_leaf_count,218.0
6989,2023-06-24 14:23:00,0,pred_leaf_count,211.0
6992,2023-06-24 15:23:00,0,pred_leaf_count,227.0
6950,2023-06-24 16:23:00,0,pred_leaf_count,208.0
6953,2023-06-24 17:23:00,0,pred_leaf_count,206.0
6971,2023-06-24 18:23:00,0,pred_leaf_count,200.0
7001,2023-06-24 19:23:00,0,pred_leaf_count,209.0
6995,2023-06-24 20:23:00,0,pred_leaf_count,208.0
7028,2023-06-24 21:23:00,0,pred_leaf_count,208.0
7034,2023-06-25 06:00:00,0,pred_leaf_count,0.0
7016,2023-06-25 07:00:00,0,pred_leaf_count,215.0
7022,2023-06-25 08:00:00,0,pred_leaf_count,211.0
7010,2023-06-25 09:00:00,0,pred_leaf_count,214.0
7031,2023-06-25 10:00:00,0,pred_leaf_count,212.0
7004,2023-06-25 11:00:00,0,pred_leaf_count,217.0
7019,2023-06-25 12:00:00,0,pred_leaf_count,222.0
7007,2023-06-25 13:00:00,0,pred_leaf_count,220.0
7037,2023-06-25 14:00:00,0,pred_leaf_count,215.0
7025,2023-06-25 15:00:00,0,pred_leaf_count,219.0
7013,2023-06-25 16:00:00,0,pred_leaf_count,211.0
7118,2023-06-25 17:00:00,0,pred_leaf_count,209.0
7100,2023-06-25 18:00:00,0,pred_leaf_count,212.0
7106,2023-06-25 19:00:00,0,pred_leaf_count,206.0
7121,2023-06-25 20:00:00,0,pred_leaf_count,223.0
7109,2023-06-25 20:33:00,0,pred_leaf_count,202.0
7094,2023-06-25 21:00:00,0,pred_leaf_count,216.0
7103,2023-06-26 06:00:00,0,pred_leaf_count,0.0
7088,2023-06-26 07:00:00,0,pred_leaf_count,220.0
7124,2023-06-26 08:00:00,0,pred_leaf_count,220.0
7115,2023-06-26 09:00:00,0,pred_leaf_count,222.0
7091,2023-06-26 10:00:00,0,pred_leaf_count,216.0
7097,2023-06-26 14:00:00,0,pred_leaf_count,222.0
7112,2023-06-26 15:00:00,0,pred_leaf_count,220.0
7181,2023-06-26 16:00:00,0,pred_leaf_count,215.0
7178,2023-06-26 16:57:00,0,pred_leaf_count,209.0
7175,2023-06-26 17:39:00,0,pred_leaf_count,255.0
7193,2023-06-26 17:50:00,0,pred_leaf_count,226.0
7214,2023-06-26 18:17:00,0,pred_leaf_count,220.0
7184,2023-06-26 18:23:00,0,pred_leaf_count,225.0
7211,2023-06-26 20:23:00,0,pred_leaf_count,214.0
7220,2023-06-26 21:23:00,0,pred_leaf_count,223.0
7205,2023-06-27 06:00:00,0,pred_leaf_count,0.0
7196,2023-06-27 07:00:00,0,pred_leaf_count,151.0
7208,2023-06-27 08:00:00,0,pred_leaf_count,208.0
7187,2023-06-27 09:00:00,0,pred_leaf_count,208.0
7217,2023-06-27 10:00:00,0,pred_leaf_count,216.0
7190,2023-06-27 11:00:00,0,pred_leaf_count,220.0
7226,2023-06-27 12:00:00,0,pred_leaf_count,223.0
7199,2023-06-27 13:00:00,0,pred_leaf_count,222.0
7202,2023-06-27 14:00:00,0,pred_leaf_count,216.0
7223,2023-06-27 15:00:00,0,pred_leaf_count,204.0
7271,2023-06-27 16:00:00,0,pred_leaf_count,208.0
7259,2023-06-27 17:00:00,0,pred_leaf_count,212.0
7268,2023-06-27 18:00:00,0,pred_leaf_count,220.0
7253,2023-06-27 19:00:00,0,pred_leaf_count,221.0
7256,2023-06-27 20:00:00,0,pred_leaf_count,221.0
7265,2023-06-27 21:00:00,0,pred_leaf_count,214.0
7250,2023-06-28 06:00:00,0,pred_leaf_count,0.0
7247,2023-06-28 07:00:00,0,pred_leaf_count,203.0
7262,2023-06-28 08:00:00,0,pred_leaf_count,203.0
7340,2023-06-28 09:00:00,0,pred_leaf_count,209.0
7310,2023-06-28 10:00:00,0,pred_leaf_count,202.0
7328,2023-06-28 11:00:00,0,pred_leaf_count,214.0
7316,2023-06-28 12:00:00,0,pred_leaf_count,224.0
7304,2023-06-28 13:00:00,0,pred_leaf_count,224.0
7322,2023-06-28 14:00:00,0,pred_leaf_count,206.0
7307,2023-06-28 15:00:00,0,pred_leaf_count,221.0
7313,2023-06-28 16:00:00,0,pred_leaf_count,235.0
7325,2023-06-28 17:00:00,0,pred_leaf_count,223.0
7319,2023-06-28 18:00:00,0,pred_leaf_count,230.0
7337,2023-06-28 19:00:00,0,pred_leaf_count,199.0
7334,2023-06-28 20:00:00,0,pred_leaf_count,206.0
7331,2023-06-28 21:00:00,0,pred_leaf_count,212.0
7427,2023-06-29 06:00:00,0,pred_leaf_count,0.0
7391,2023-06-29 07:00:00,0,pred_leaf_count,231.0
7415,2023-06-29 08:00:00,0,pred_leaf_count,229.0
7433,2023-06-29 09:00:00,0,pred_leaf_count,219.0
7418,2023-06-29 10:00:00,0,pred_leaf_count,226.0
7412,2023-06-29 11:00:00,0,pred_leaf_count,211.0
7400,2023-06-29 12:00:00,0,pred_leaf_count,222.0
7397,2023-06-29 13:00:00,0,pred_leaf_count,222.0
7394,2023-06-29 14:00:00,0,pred_leaf_count,224.0
7436,2023-06-29 15:00:00,0,pred_leaf_count,213.0
7406,2023-06-29 16:00:00,0,pred_leaf_count,224.0
7403,2023-06-29 17:00:00,0,pred_leaf_count,218.0
7430,2023-06-29 18:00:00,0,pred_leaf_count,218.0
7421,2023-06-29 19:00:00,0,pred_leaf_count,217.0
7424,2023-06-29 20:00:00,0,pred_leaf_count,207.0
7409,2023-06-29 21:00:00,0,pred_leaf_count,222.0
7523,2023-06-30 06:00:00,0,pred_leaf_count,0.0
7496,2023-06-30 07:00:00,0,pred_leaf_count,217.0
7499,2023-06-30 08:00:00,0,pred_leaf_count,222.0
7532,2023-06-30 08:27:00,0,pred_leaf_count,191.0
7514,2023-06-30 09:00:00,0,pred_leaf_count,209.0
7517,2023-06-30 10:00:00,0,pred_leaf_count,210.0
7502,2023-06-30 11:00:00,0,pred_leaf_count,209.0
7487,2023-06-30 12:00:00,0,pred_leaf_count,203.0
7535,2023-06-30 13:00:00,0,pred_leaf_count,204.0
7511,2023-06-30 14:00:00,0,pred_leaf_count,199.0
7505,2023-06-30 15:00:00,0,pred_leaf_count,197.0
7493,2023-06-30 16:00:00,0,pred_leaf_count,199.0
7526,2023-06-30 17:00:00,0,pred_leaf_count,202.0
7490,2023-06-30 18:00:00,0,pred_leaf_count,196.0
7508,2023-06-30 19:00:00,0,pred_leaf_count,194.0
7520,2023-06-30 20:00:00,0,pred_leaf_count,199.0
7529,2023-06-30 21:00:00,0,pred_leaf_count,194.0
7595,2023-07-01 06:00:00,0,pred_leaf_count,0.0
7604,2023-07-01 07:00:00,0,pred_leaf_count,149.0
7610,2023-07-01 08:00:00,0,pred_leaf_count,185.0
7616,2023-07-01 09:00:00,0,pred_leaf_count,193.0
7589,2023-07-01 10:00:00,0,pred_leaf_count,198.0
7592,2023-07-01 11:00:00,0,pred_leaf_count,199.0
7628,2023-07-01 12:00:00,0,pred_leaf_count,201.0
7613,2023-07-01 13:00:00,0,pred_leaf_count,195.0
7622,2023-07-01 14:00:00,0,pred_leaf_count,188.0
7625,2023-07-01 15:00:00,0,pred_leaf_count,183.0
7607,2023-07-01 16:00:00,0,pred_leaf_count,194.0
7631,2023-07-01 17:00:00,0,pred_leaf_count,184.0
7619,2023-07-01 18:00:00,0,pred_leaf_count,189.0
7601,2023-07-01 19:00:00,0,pred_leaf_count,185.0
7586,2023-07-01 20:00:00,0,pred_leaf_count,191.0
7598,2023-07-01 21:00:00,0,pred_leaf_count,195.0
